PLANT_ID,TIME_ID,TIME,SPECIES,TREATMENT,NUM_EGGS_PRESENT,PROP_SURV
1,1,12P,SYR,CLOSED,2,1
1,1,12P,SYR,OPEN,2,1
2,1,12P,SYR,CLOSED,2,1
2,1,12P,SYR,OPEN,2,1
3,1,12P,SYR,CLOSED,2,1
3,1,12P,SYR,OPEN,2,1
4,1,12P,SYR,CLOSED,2,1
4,1,12P,SYR,OPEN,2,1
5,1,12P,SYR,CLOSED,2,1
5,1,12P,SYR,OPEN,2,1
6,1,12P,SYR,CLOSED,2,1
6,1,12P,SYR,OPEN,2,1
7,1,12P,SYR,CLOSED,2,1
7,1,12P,SYR,OPEN,2,1
8,1,12P,SYR,CLOSED,2,1
8,1,12P,SYR,OPEN,2,1
9,1,12P,SYR,CLOSED,2,1
9,1,12P,SYR,OPEN,2,1
10,1,12P,SYR,CLOSED,2,1
10,1,12P,SYR,OPEN,2,1
11,1,12P,SYR,CLOSED,2,1
11,1,12P,SYR,OPEN,2,1
12,1,12P,SYR,CLOSED,2,1
12,1,12P,SYR,OPEN,2,1
13,1,12P,SYR,CLOSED,2,1
13,1,12P,SYR,OPEN,2,1
14,1,12P,SYR,CLOSED,2,1
14,1,12P,SYR,OPEN,2,1
15,1,12P,SYR,CLOSED,2,1
15,1,12P,SYR,OPEN,2,1
16,1,12P,INC,CLOSED,2,1
16,1,12P,INC,OPEN,2,1
17,1,12P,INC,CLOSED,2,1
17,1,12P,INC,OPEN,2,1
18,1,12P,INC,CLOSED,2,1
18,1,12P,INC,OPEN,2,1
19,1,12P,INC,CLOSED,2,1
19,1,12P,INC,OPEN,2,1
20,1,12P,INC,CLOSED,2,1
20,1,12P,INC,OPEN,2,1
21,1,12P,INC,CLOSED,2,1
21,1,12P,INC,OPEN,2,1
22,1,12P,INC,CLOSED,2,1
22,1,12P,INC,OPEN,2,1
23,1,12P,INC,CLOSED,2,1
23,1,12P,INC,OPEN,2,1
24,1,12P,INC,CLOSED,2,1
24,1,12P,INC,OPEN,1,0.5
25,1,12P,INC,CLOSED,2,1
25,1,12P,INC,OPEN,2,1
26,1,12P,INC,CLOSED,2,1
26,1,12P,INC,OPEN,2,1
27,1,12P,INC,CLOSED,2,1
27,1,12P,INC,OPEN,2,1
28,1,12P,INC,CLOSED,2,1
28,1,12P,INC,OPEN,2,1
29,1,12P,INC,CLOSED,2,1
29,1,12P,INC,OPEN,2,1
30,1,12P,INC,CLOSED,2,1
30,1,12P,INC,OPEN,2,1
1,2,2P,SYR,CLOSED,2,1
1,2,2P,SYR,OPEN,2,1
2,2,2P,SYR,CLOSED,2,1
2,2,2P,SYR,OPEN,2,1
3,2,2P,SYR,CLOSED,2,1
3,2,2P,SYR,OPEN,2,1
4,2,2P,SYR,CLOSED,2,1
4,2,2P,SYR,OPEN,2,1
5,2,2P,SYR,CLOSED,2,1
5,2,2P,SYR,OPEN,2,1
6,2,2P,SYR,CLOSED,2,1
6,2,2P,SYR,OPEN,2,1
7,2,2P,SYR,CLOSED,2,1
7,2,2P,SYR,OPEN,2,1
8,2,2P,SYR,CLOSED,2,1
8,2,2P,SYR,OPEN,2,1
9,2,2P,SYR,CLOSED,2,1
9,2,2P,SYR,OPEN,2,1
10,2,2P,SYR,CLOSED,2,1
10,2,2P,SYR,OPEN,2,1
11,2,2P,SYR,CLOSED,2,1
11,2,2P,SYR,OPEN,2,1
12,2,2P,SYR,CLOSED,2,1
12,2,2P,SYR,OPEN,2,1
13,2,2P,SYR,CLOSED,2,1
13,2,2P,SYR,OPEN,2,1
14,2,2P,SYR,CLOSED,2,1
14,2,2P,SYR,OPEN,2,1
15,2,2P,SYR,CLOSED,2,1
15,2,2P,SYR,OPEN,2,1
16,2,2P,SYR,CLOSED,2,1
16,2,2P,INC,OPEN,2,1
17,2,2P,INC,CLOSED,2,1
17,2,2P,INC,OPEN,2,1
18,2,2P,INC,CLOSED,2,1
18,2,2P,INC,OPEN,2,1
19,2,2P,INC,CLOSED,2,1
19,2,2P,INC,OPEN,2,1
20,2,2P,INC,CLOSED,2,1
20,2,2P,INC,OPEN,2,1
21,2,2P,INC,CLOSED,2,1
21,2,2P,INC,OPEN,2,1
22,2,2P,INC,CLOSED,2,1
22,2,2P,INC,OPEN,2,1
23,2,2P,INC,CLOSED,2,1
23,2,2P,INC,OPEN,2,1
24,2,2P,INC,CLOSED,2,1
24,2,2P,INC,OPEN,1,0.5
25,2,2P,INC,CLOSED,2,1
25,2,2P,INC,OPEN,2,1
26,2,2P,INC,CLOSED,2,1
26,2,2P,INC,OPEN,2,1
27,2,2P,INC,CLOSED,2,1
27,2,2P,INC,OPEN,2,1
28,2,2P,INC,CLOSED,2,1
28,2,2P,INC,OPEN,2,1
29,2,2P,INC,CLOSED,2,1
29,2,2P,INC,OPEN,2,1
30,2,2P,INC,CLOSED,2,1
30,2,2P,INC,OPEN,2,1
1,3,4P,SYR,CLOSED,2,1
1,3,4P,SYR,OPEN,2,1
2,3,4P,SYR,CLOSED,2,1
2,3,4P,SYR,OPEN,2,1
3,3,4P,SYR,CLOSED,2,1
3,3,4P,SYR,OPEN,2,1
4,3,4P,SYR,CLOSED,2,1
4,3,4P,SYR,OPEN,2,1
5,3,4P,SYR,CLOSED,2,1
5,3,4P,SYR,OPEN,2,1
6,3,4P,SYR,CLOSED,2,1
6,3,4P,SYR,OPEN,1,0.5
7,3,4P,SYR,CLOSED,2,1
7,3,4P,SYR,OPEN,2,1
8,3,4P,SYR,CLOSED,2,1
8,3,4P,SYR,OPEN,2,1
9,3,4P,SYR,CLOSED,2,1
9,3,4P,SYR,OPEN,2,1
10,3,4P,SYR,CLOSED,2,1
10,3,4P,SYR,OPEN,2,1
11,3,4P,SYR,CLOSED,2,1
11,3,4P,SYR,OPEN,2,1
12,3,4P,SYR,CLOSED,2,1
12,3,4P,SYR,OPEN,1,0.5
13,3,4P,SYR,CLOSED,2,1
13,3,4P,SYR,OPEN,2,1
14,3,4P,SYR,CLOSED,2,1
14,3,4P,SYR,OPEN,0,0
15,3,4P,SYR,CLOSED,2,1
15,3,4P,SYR,OPEN,2,1
16,3,4P,INC,CLOSED,2,1
16,3,4P,INC,OPEN,2,1
17,3,4P,INC,CLOSED,2,1
17,3,4P,INC,OPEN,2,1
18,3,4P,INC,CLOSED,2,1
18,3,4P,INC,OPEN,2,1
19,3,4P,INC,CLOSED,2,1
19,3,4P,INC,OPEN,2,1
20,3,4P,INC,CLOSED,2,1
20,3,4P,INC,OPEN,2,1
21,3,4P,INC,CLOSED,2,1
21,3,4P,INC,OPEN,2,1
22,3,4P,INC,CLOSED,2,1
22,3,4P,INC,OPEN,2,1
23,3,4P,INC,CLOSED,2,1
23,3,4P,INC,OPEN,2,1
24,3,4P,INC,CLOSED,2,1
24,3,4P,INC,OPEN,1,0.5
25,3,4P,INC,CLOSED,2,1
25,3,4P,INC,OPEN,2,1
26,3,4P,INC,CLOSED,2,1
26,3,4P,INC,OPEN,2,1
27,3,4P,INC,CLOSED,2,1
27,3,4P,INC,OPEN,2,1
28,3,4P,INC,CLOSED,2,1
28,3,4P,INC,OPEN,2,1
29,3,4P,INC,CLOSED,2,1
29,3,4P,INC,OPEN,2,1
30,3,4P,INC,CLOSED,2,1
30,3,4P,INC,OPEN,2,1
1,4,6p,SYR,CLOSED,2,1
1,4,6p,SYR,OPEN,2,1
2,4,6p,SYR,CLOSED,2,1
2,4,6p,SYR,OPEN,2,1
3,4,6p,SYR,CLOSED,2,1
3,4,6p,SYR,OPEN,2,1
4,4,6p,SYR,CLOSED,2,1
4,4,6p,SYR,OPEN,0,0
5,4,6p,SYR,CLOSED,2,1
5,4,6p,SYR,OPEN,2,1
6,4,6p,SYR,CLOSED,2,1
6,4,6p,SYR,OPEN,1,0.5
7,4,6p,SYR,CLOSED,2,1
7,4,6p,SYR,OPEN,2,1
8,4,6p,SYR,CLOSED,2,1
8,4,6p,SYR,OPEN,2,1
9,4,6p,SYR,CLOSED,2,1
9,4,6p,SYR,OPEN,2,1
10,4,6p,SYR,CLOSED,2,1
10,4,6p,SYR,OPEN,2,1
11,4,6p,SYR,CLOSED,2,1
11,4,6p,SYR,OPEN,2,1
12,4,6p,SYR,CLOSED,2,1
12,4,6p,SYR,OPEN,1,0.5
13,4,6p,SYR,CLOSED,2,1
13,4,6p,SYR,OPEN,1,0.5
14,4,6p,SYR,CLOSED,2,1
14,4,6p,SYR,OPEN,0,0
15,4,6p,SYR,CLOSED,2,1
15,4,6p,SYR,OPEN,0,0
16,4,6p,INC,CLOSED,2,1
16,4,6p,INC,OPEN,2,1
17,4,6p,INC,CLOSED,2,1
17,4,6p,INC,OPEN,2,1
18,4,6p,INC,CLOSED,2,1
18,4,6p,INC,OPEN,2,1
19,4,6p,INC,CLOSED,2,1
19,4,6p,INC,OPEN,2,1
20,4,6p,INC,CLOSED,2,1
20,4,6p,INC,OPEN,2,1
21,4,6p,INC,CLOSED,2,1
21,4,6p,INC,OPEN,2,1
22,4,6p,INC,CLOSED,2,1
22,4,6p,INC,OPEN,2,1
23,4,6p,INC,CLOSED,2,1
23,4,6p,INC,OPEN,2,1
24,4,6p,INC,CLOSED,2,1
24,4,6p,INC,OPEN,1,0.5
25,4,6p,INC,CLOSED,2,1
25,4,6p,INC,OPEN,2,1
26,4,6p,INC,CLOSED,2,1
26,4,6p,INC,OPEN,2,1
27,4,6p,INC,CLOSED,2,1
27,4,6p,INC,OPEN,2,1
28,4,6p,INC,CLOSED,2,1
28,4,6p,INC,OPEN,2,1
29,4,6p,INC,CLOSED,2,1
29,4,6p,INC,OPEN,2,1
30,4,6p,INC,CLOSED,2,1
30,4,6p,INC,OPEN,2,1
1,5,8P,SYR,CLOSED,2,1
1,5,8P,SYR,OPEN,2,1
2,5,8P,SYR,CLOSED,2,1
2,5,8P,SYR,OPEN,2,1
3,5,8P,SYR,CLOSED,2,1
3,5,8P,SYR,OPEN,2,1
4,5,8P,SYR,CLOSED,2,1
4,5,8P,SYR,OPEN,0,0
5,5,8P,SYR,CLOSED,2,1
5,5,8P,SYR,OPEN,2,1
6,5,8P,SYR,CLOSED,2,1
6,5,8P,SYR,OPEN,1,0.5
7,5,8P,SYR,CLOSED,2,1
7,5,8P,SYR,OPEN,2,1
8,5,8P,SYR,CLOSED,2,1
8,5,8P,SYR,OPEN,2,1
9,5,8P,SYR,CLOSED,2,1
9,5,8P,SYR,OPEN,2,1
10,5,8P,SYR,CLOSED,2,1
10,5,8P,SYR,OPEN,2,1
11,5,8P,SYR,CLOSED,2,1
11,5,8P,SYR,OPEN,2,1
12,5,8P,SYR,CLOSED,2,1
12,5,8P,SYR,OPEN,0,0
13,5,8P,SYR,CLOSED,2,1
13,5,8P,SYR,OPEN,0,0
14,5,8P,SYR,CLOSED,2,1
14,5,8P,SYR,OPEN,0,0
15,5,8P,SYR,CLOSED,2,1
15,5,8P,SYR,OPEN,0,0
16,5,8P,INC,CLOSED,2,1
16,5,8P,INC,OPEN,2,1
17,5,8P,INC,CLOSED,2,1
17,5,8P,INC,OPEN,2,1
18,5,8P,INC,CLOSED,2,1
18,5,8P,INC,OPEN,2,1
19,5,8P,INC,CLOSED,2,1
19,5,8P,INC,OPEN,2,1
20,5,8P,INC,CLOSED,2,1
20,5,8P,INC,OPEN,2,1
21,5,8P,INC,CLOSED,2,1
21,5,8P,INC,OPEN,2,1
22,5,8P,INC,CLOSED,2,1
22,5,8P,INC,OPEN,2,1
23,5,8P,INC,CLOSED,2,1
23,5,8P,INC,OPEN,2,1
24,5,8P,INC,CLOSED,2,1
24,5,8P,INC,OPEN,1,0.5
25,5,8P,INC,CLOSED,2,1
25,5,8P,INC,OPEN,2,1
26,5,8P,INC,CLOSED,2,1
26,5,8P,INC,OPEN,2,1
27,5,8P,INC,CLOSED,2,1
27,5,8P,INC,OPEN,2,1
28,5,8P,INC,CLOSED,2,1
28,5,8P,INC,OPEN,2,1
29,5,8P,INC,CLOSED,2,1
29,5,8P,INC,OPEN,2,1
30,5,8P,INC,CLOSED,2,1
30,5,8P,INC,OPEN,2,1
1,6,10P,SYR,CLOSED,2,1
1,6,10P,SYR,OPEN,2,1
2,6,10P,SYR,CLOSED,2,1
2,6,10P,SYR,OPEN,2,1
3,6,10P,SYR,CLOSED,2,1
3,6,10P,SYR,OPEN,2,1
4,6,10P,SYR,CLOSED,2,1
4,6,10P,SYR,OPEN,0,0
5,6,10P,SYR,CLOSED,2,1
5,6,10P,SYR,OPEN,1,0.5
6,6,10P,SYR,CLOSED,2,1
6,6,10P,SYR,OPEN,0,0
7,6,10P,SYR,CLOSED,2,1
7,6,10P,SYR,OPEN,0,0
8,6,10P,SYR,CLOSED,2,1
8,6,10P,SYR,OPEN,2,1
9,6,10P,SYR,CLOSED,2,1
9,6,10P,SYR,OPEN,2,1
10,6,10P,SYR,CLOSED,2,1
10,6,10P,SYR,OPEN,2,1
11,6,10P,SYR,CLOSED,2,1
11,6,10P,SYR,OPEN,1,0.5
12,6,10P,SYR,CLOSED,2,1
12,6,10P,SYR,OPEN,0,0
13,6,10P,SYR,CLOSED,2,1
13,6,10P,SYR,OPEN,0,0
14,6,10P,SYR,CLOSED,2,1
14,6,10P,SYR,OPEN,0,0
15,6,10P,SYR,CLOSED,2,1
15,6,10P,SYR,OPEN,0,0
16,6,10P,INC,CLOSED,2,1
16,6,10P,INC,OPEN,1,0.5
17,6,10P,INC,CLOSED,2,1
17,6,10P,INC,OPEN,1,0.5
18,6,10P,INC,CLOSED,2,1
18,6,10P,INC,OPEN,2,1
19,6,10P,INC,CLOSED,2,1
19,6,10P,INC,OPEN,1,0.5
20,6,10P,INC,CLOSED,2,1
20,6,10P,INC,OPEN,2,1
21,6,10P,INC,CLOSED,2,1
21,6,10P,INC,OPEN,2,1
22,6,10P,INC,CLOSED,2,1
22,6,10P,INC,OPEN,2,1
23,6,10P,INC,CLOSED,2,1
23,6,10P,INC,OPEN,2,1
24,6,10P,INC,CLOSED,2,1
24,6,10P,INC,OPEN,1,0.5
25,6,10P,INC,CLOSED,2,1
25,6,10P,INC,OPEN,0,0
26,6,10P,INC,CLOSED,2,1
26,6,10P,INC,OPEN,2,1
27,6,10P,INC,CLOSED,2,1
27,6,10P,INC,OPEN,2,1
28,6,10P,INC,CLOSED,2,1
28,6,10P,INC,OPEN,2,1
29,6,10P,INC,CLOSED,2,1
29,6,10P,INC,OPEN,2,1
30,6,10P,INC,CLOSED,2,1
30,6,10P,INC,OPEN,2,1
1,7,12A,SYR,CLOSED,2,1
1,7,12A,SYR,OPEN,2,1
2,7,12A,SYR,CLOSED,2,1
2,7,12A,SYR,OPEN,0,0
3,7,12A,SYR,CLOSED,2,1
3,7,12A,SYR,OPEN,1,0.5
4,7,12A,SYR,CLOSED,2,1
4,7,12A,SYR,OPEN,0,0
5,7,12A,SYR,CLOSED,2,1
5,7,12A,SYR,OPEN,1,0.5
6,7,12A,SYR,CLOSED,2,1
6,7,12A,SYR,OPEN,0,0
7,7,12A,SYR,CLOSED,2,1
7,7,12A,SYR,OPEN,0,0
8,7,12A,SYR,CLOSED,2,1
8,7,12A,SYR,OPEN,2,1
9,7,12A,SYR,CLOSED,2,1
9,7,12A,SYR,OPEN,2,1
10,7,12A,SYR,CLOSED,2,1
10,7,12A,SYR,OPEN,2,1
11,7,12A,SYR,CLOSED,2,1
11,7,12A,SYR,OPEN,1,0.5
12,7,12A,SYR,CLOSED,2,1
12,7,12A,SYR,OPEN,0,0
13,7,12A,SYR,CLOSED,2,1
13,7,12A,SYR,OPEN,0,0
14,7,12A,SYR,CLOSED,2,1
14,7,12A,SYR,OPEN,0,0
15,7,12A,SYR,CLOSED,2,1
15,7,12A,SYR,OPEN,0,0
16,7,12A,INC,CLOSED,2,1
16,7,12A,INC,OPEN,1,0.5
17,7,12A,INC,CLOSED,2,1
17,7,12A,INC,OPEN,1,0.5
18,7,12A,INC,CLOSED,2,1
18,7,12A,INC,OPEN,2,1
19,7,12A,INC,CLOSED,2,1
19,7,12A,INC,OPEN,1,0.5
20,7,12A,INC,CLOSED,2,1
20,7,12A,INC,OPEN,2,1
21,7,12A,INC,CLOSED,2,1
21,7,12A,INC,OPEN,2,1
22,7,12A,INC,CLOSED,2,1
22,7,12A,INC,OPEN,2,1
23,7,12A,INC,CLOSED,2,1
23,7,12A,INC,OPEN,2,1
24,7,12A,INC,CLOSED,2,1
24,7,12A,INC,OPEN,1,0.5
25,7,12A,INC,CLOSED,2,1
25,7,12A,INC,OPEN,0,0
26,7,12A,INC,CLOSED,2,1
26,7,12A,INC,OPEN,2,1
27,7,12A,INC,CLOSED,2,1
27,7,12A,INC,OPEN,2,1
28,7,12A,INC,CLOSED,2,1
28,7,12A,INC,OPEN,2,1
29,7,12A,INC,CLOSED,2,1
29,7,12A,INC,OPEN,2,1
30,7,12A,INC,CLOSED,2,1
30,7,12A,INC,OPEN,2,1
1,8,2A,SYR,CLOSED,2,1
1,8,2A,SYR,OPEN,2,1
2,8,2A,SYR,CLOSED,2,1
2,8,2A,SYR,OPEN,0,0
3,8,2A,SYR,CLOSED,2,1
3,8,2A,SYR,OPEN,1,0.5
4,8,2A,SYR,CLOSED,2,1
4,8,2A,SYR,OPEN,0,0
5,8,2A,SYR,CLOSED,2,1
5,8,2A,SYR,OPEN,0,0
6,8,2A,SYR,CLOSED,2,1
6,8,2A,SYR,OPEN,0,0
7,8,2A,SYR,CLOSED,2,1
7,8,2A,SYR,OPEN,0,0
8,8,2A,SYR,CLOSED,2,1
8,8,2A,SYR,OPEN,1,0.5
9,8,2A,SYR,CLOSED,2,1
9,8,2A,SYR,OPEN,2,1
10,8,2A,SYR,CLOSED,2,1
10,8,2A,SYR,OPEN,2,1
11,8,2A,SYR,CLOSED,2,1
11,8,2A,SYR,OPEN,0,0
12,8,2A,SYR,CLOSED,2,1
12,8,2A,SYR,OPEN,0,0
13,8,2A,SYR,CLOSED,2,1
13,8,2A,SYR,OPEN,0,0
14,8,2A,SYR,CLOSED,2,1
14,8,2A,SYR,OPEN,0,0
15,8,2A,SYR,CLOSED,2,1
15,8,2A,SYR,OPEN,0,0
16,8,2A,INC,CLOSED,2,1
16,8,2A,INC,OPEN,1,0.5
17,8,2A,INC,CLOSED,2,1
17,8,2A,INC,OPEN,1,0.5
18,8,2A,INC,CLOSED,2,1
18,8,2A,INC,OPEN,2,1
19,8,2A,INC,CLOSED,2,1
19,8,2A,INC,OPEN,0,0
20,8,2A,INC,CLOSED,2,1
20,8,2A,INC,OPEN,2,1
21,8,2A,INC,CLOSED,2,1
21,8,2A,INC,OPEN,2,1
22,8,2A,INC,CLOSED,2,1
22,8,2A,INC,OPEN,2,1
23,8,2A,INC,CLOSED,2,1
23,8,2A,INC,OPEN,1,0.5
24,8,2A,INC,CLOSED,2,1
24,8,2A,INC,OPEN,1,0.5
25,8,2A,INC,CLOSED,2,1
25,8,2A,INC,OPEN,0,0
26,8,2A,INC,CLOSED,2,1
26,8,2A,INC,OPEN,2,1
27,8,2A,INC,CLOSED,2,1
27,8,2A,INC,OPEN,1,0.5
28,8,2A,INC,CLOSED,2,1
28,8,2A,INC,OPEN,2,1
29,8,2A,INC,CLOSED,2,1
29,8,2A,INC,OPEN,1,0.5
30,8,2A,INC,CLOSED,2,1
30,8,2A,INC,OPEN,0,0
1,9,4A,SYR,CLOSED,2,1
1,9,4A,SYR,OPEN,2,1
2,9,4A,SYR,CLOSED,2,1
2,9,4A,SYR,OPEN,0,0
3,9,4A,SYR,CLOSED,2,1
3,9,4A,SYR,OPEN,0,0
4,9,4A,SYR,CLOSED,2,1
4,9,4A,SYR,OPEN,0,0
5,9,4A,SYR,CLOSED,2,1
5,9,4A,SYR,OPEN,0,0
6,9,4A,SYR,CLOSED,2,1
6,9,4A,SYR,OPEN,0,0
7,9,4A,SYR,CLOSED,2,1
7,9,4A,SYR,OPEN,0,0
8,9,4A,SYR,CLOSED,2,1
8,9,4A,SYR,OPEN,1,0.5
9,9,4A,SYR,CLOSED,2,1
9,9,4A,SYR,OPEN,2,1
10,9,4A,SYR,CLOSED,2,1
10,9,4A,SYR,OPEN,2,1
11,9,4A,SYR,CLOSED,2,1
11,9,4A,SYR,OPEN,0,0
12,9,4A,SYR,CLOSED,2,1
12,9,4A,SYR,OPEN,0,0
13,9,4A,SYR,CLOSED,2,1
13,9,4A,SYR,OPEN,0,0
14,9,4A,SYR,CLOSED,2,1
14,9,4A,SYR,OPEN,0,0
15,9,4A,SYR,CLOSED,2,1
15,9,4A,SYR,OPEN,0,0
16,9,4A,INC,CLOSED,2,1
16,9,4A,INC,OPEN,1,0.5
17,9,4A,INC,CLOSED,2,1
17,9,4A,INC,OPEN,1,0.5
18,9,4A,INC,CLOSED,2,1
18,9,4A,INC,OPEN,2,1
19,9,4A,INC,CLOSED,2,1
19,9,4A,INC,OPEN,0,0
20,9,4A,INC,CLOSED,2,1
20,9,4A,INC,OPEN,2,1
21,9,4A,INC,CLOSED,2,1
21,9,4A,INC,OPEN,1,0.5
22,9,4A,INC,CLOSED,2,1
22,9,4A,INC,OPEN,2,1
23,9,4A,INC,CLOSED,2,1
23,9,4A,INC,OPEN,1,0.5
24,9,4A,INC,CLOSED,2,1
24,9,4A,INC,OPEN,1,0.5
25,9,4A,INC,CLOSED,2,1
25,9,4A,INC,OPEN,0,0
26,9,4A,INC,CLOSED,2,1
26,9,4A,INC,OPEN,2,1
27,9,4A,INC,CLOSED,2,1
27,9,4A,INC,OPEN,1,0.5
28,9,4A,INC,CLOSED,2,1
28,9,4A,INC,OPEN,2,1
29,9,4A,INC,CLOSED,2,1
29,9,4A,INC,OPEN,1,0.5
30,9,4A,INC,CLOSED,2,1
30,9,4A,INC,OPEN,0,0
1,10,6A,SYR,CLOSED,2,1
1,10,6A,SYR,OPEN,2,1
2,10,6A,SYR,CLOSED,2,1
2,10,6A,SYR,OPEN,0,0
3,10,6A,SYR,CLOSED,2,1
3,10,6A,SYR,OPEN,0,0
4,10,6A,SYR,CLOSED,2,1
4,10,6A,SYR,OPEN,0,0
5,10,6A,SYR,CLOSED,2,1
5,10,6A,SYR,OPEN,0,0
6,10,6A,SYR,CLOSED,2,1
6,10,6A,SYR,OPEN,0,0
7,10,6A,SYR,CLOSED,2,1
7,10,6A,SYR,OPEN,0,0
8,10,6A,SYR,CLOSED,2,1
8,10,6A,SYR,OPEN,0,0
9,10,6A,SYR,CLOSED,2,1
9,10,6A,SYR,OPEN,2,1
10,10,6A,SYR,CLOSED,2,1
10,10,6A,SYR,OPEN,2,1
11,10,6A,SYR,CLOSED,2,1
11,10,6A,SYR,OPEN,0,0
12,10,6A,SYR,CLOSED,2,1
12,10,6A,SYR,OPEN,0,0
13,10,6A,SYR,CLOSED,2,1
13,10,6A,SYR,OPEN,0,0
14,10,6A,SYR,CLOSED,2,1
14,10,6A,SYR,OPEN,0,0
15,10,6A,SYR,CLOSED,2,1
15,10,6A,SYR,OPEN,0,0
16,10,6A,INC,CLOSED,2,1
16,10,6A,INC,OPEN,1,0.5
17,10,6A,INC,CLOSED,2,1
17,10,6A,INC,OPEN,1,0.5
18,10,6A,INC,CLOSED,2,1
18,10,6A,INC,OPEN,2,1
19,10,6A,INC,CLOSED,2,1
19,10,6A,INC,OPEN,0,0
20,10,6A,INC,CLOSED,2,1
20,10,6A,INC,OPEN,2,1
21,10,6A,INC,CLOSED,2,1
21,10,6A,INC,OPEN,1,0.5
22,10,6A,INC,CLOSED,2,1
22,10,6A,INC,OPEN,1,0.5
23,10,6A,INC,CLOSED,2,1
23,10,6A,INC,OPEN,1,0.5
24,10,6A,INC,CLOSED,2,1
24,10,6A,INC,OPEN,1,0.5
25,10,6A,INC,CLOSED,2,1
25,10,6A,INC,OPEN,0,0
26,10,6A,INC,CLOSED,2,1
26,10,6A,INC,OPEN,1,0.5
27,10,6A,INC,CLOSED,2,1
27,10,6A,INC,OPEN,1,0.5
28,10,6A,INC,CLOSED,2,1
28,10,6A,INC,OPEN,2,1
29,10,6A,INC,CLOSED,2,1
29,10,6A,INC,OPEN,1,0.5
30,10,6A,INC,CLOSED,2,1
30,10,6A,INC,OPEN,0,0
1,11,8A,SYR,CLOSED,2,1
1,11,8A,SYR,OPEN,2,1
2,11,8A,SYR,CLOSED,2,1
2,11,8A,SYR,OPEN,0,0
3,11,8A,SYR,CLOSED,2,1
3,11,8A,SYR,OPEN,0,0
4,11,8A,SYR,CLOSED,2,1
4,11,8A,SYR,OPEN,0,0
5,11,8A,SYR,CLOSED,2,1
5,11,8A,SYR,OPEN,0,0
6,11,8A,SYR,CLOSED,2,1
6,11,8A,SYR,OPEN,0,0
7,11,8A,SYR,CLOSED,2,1
7,11,8A,SYR,OPEN,0,0
8,11,8A,SYR,CLOSED,2,1
8,11,8A,SYR,OPEN,0,0
9,11,8A,SYR,CLOSED,2,1
9,11,8A,SYR,OPEN,2,1
10,11,8A,SYR,CLOSED,2,1
10,11,8A,SYR,OPEN,1,0.5
11,11,8A,SYR,CLOSED,2,1
11,11,8A,SYR,OPEN,0,0
12,11,8A,SYR,CLOSED,2,1
12,11,8A,SYR,OPEN,0,0
13,11,8A,SYR,CLOSED,2,1
13,11,8A,SYR,OPEN,0,0
14,11,8A,SYR,CLOSED,2,1
14,11,8A,SYR,OPEN,0,0
15,11,8A,SYR,CLOSED,2,1
15,11,8A,SYR,OPEN,0,0
16,11,8A,INC,CLOSED,2,1
16,11,8A,INC,OPEN,1,0.5
17,11,8A,INC,CLOSED,2,1
17,11,8A,INC,OPEN,0,0
18,11,8A,INC,CLOSED,2,1
18,11,8A,INC,OPEN,2,1
19,11,8A,INC,CLOSED,2,1
19,11,8A,INC,OPEN,0,0
20,11,8A,INC,CLOSED,2,1
20,11,8A,INC,OPEN,2,1
21,11,8A,INC,CLOSED,2,1
21,11,8A,INC,OPEN,1,0.5
22,11,8A,INC,CLOSED,2,1
22,11,8A,INC,OPEN,1,0.5
23,11,8A,INC,CLOSED,2,1
23,11,8A,INC,OPEN,1,0.5
24,11,8A,INC,CLOSED,2,1
24,11,8A,INC,OPEN,1,0.5
25,11,8A,INC,CLOSED,2,1
25,11,8A,INC,OPEN,0,0
26,11,8A,INC,CLOSED,2,1
26,11,8A,INC,OPEN,1,0.5
27,11,8A,INC,CLOSED,2,1
27,11,8A,INC,OPEN,1,0.5
28,11,8A,INC,CLOSED,2,1
28,11,8A,INC,OPEN,2,1
29,11,8A,INC,CLOSED,2,1
29,11,8A,INC,OPEN,1,0.5
30,11,8A,INC,CLOSED,2,1
30,11,8A,INC,OPEN,0,0
1,12,10A,SYR,CLOSED,2,1
1,12,10A,SYR,OPEN,2,1
2,12,10A,SYR,CLOSED,2,1
2,12,10A,SYR,OPEN,0,0
3,12,10A,SYR,CLOSED,2,1
3,12,10A,SYR,OPEN,0,0
4,12,10A,SYR,CLOSED,2,1
4,12,10A,SYR,OPEN,0,0
5,12,10A,SYR,CLOSED,2,1
5,12,10A,SYR,OPEN,0,0
6,12,10A,SYR,CLOSED,2,1
6,12,10A,SYR,OPEN,0,0
7,12,10A,SYR,CLOSED,2,1
7,12,10A,SYR,OPEN,0,0
8,12,10A,SYR,CLOSED,2,1
8,12,10A,SYR,OPEN,0,0
9,12,10A,SYR,CLOSED,2,1
9,12,10A,SYR,OPEN,2,1
10,12,10A,SYR,CLOSED,2,1
10,12,10A,SYR,OPEN,1,0.5
11,12,10A,SYR,CLOSED,2,1
11,12,10A,SYR,OPEN,0,0
12,12,10A,SYR,CLOSED,2,1
12,12,10A,SYR,OPEN,0,0
13,12,10A,SYR,CLOSED,2,1
13,12,10A,SYR,OPEN,0,0
14,12,10A,SYR,CLOSED,2,1
14,12,10A,SYR,OPEN,0,0
15,12,10A,SYR,CLOSED,2,1
15,12,10A,SYR,OPEN,0,0
16,12,10A,INC,CLOSED,2,1
16,12,10A,INC,OPEN,1,0.5
17,12,10A,INC,CLOSED,2,1
17,12,10A,INC,OPEN,0,0
18,12,10A,INC,CLOSED,2,1
18,12,10A,INC,OPEN,2,1
19,12,10A,INC,CLOSED,2,1
19,12,10A,INC,OPEN,0,0
20,12,10A,INC,CLOSED,2,1
20,12,10A,INC,OPEN,2,1
21,12,10A,INC,CLOSED,2,1
21,12,10A,INC,OPEN,1,0.5
22,12,10A,INC,CLOSED,2,1
22,12,10A,INC,OPEN,1,0.5
23,12,10A,INC,CLOSED,2,1
23,12,10A,INC,OPEN,0,0
24,12,10A,INC,CLOSED,2,1
24,12,10A,INC,OPEN,1,0.5
25,12,10A,INC,CLOSED,2,1
25,12,10A,INC,OPEN,0,0
26,12,10A,INC,CLOSED,2,1
26,12,10A,INC,OPEN,1,0.5
27,12,10A,INC,CLOSED,2,1
27,12,10A,INC,OPEN,1,0.5
28,12,10A,INC,CLOSED,2,1
28,12,10A,INC,OPEN,2,1
29,12,10A,INC,CLOSED,2,1
29,12,10A,INC,OPEN,1,0.5
30,12,10A,INC,CLOSED,2,1
30,12,10A,INC,OPEN,0,0
1,13,12P2,SYR,CLOSED,2,1
1,13,12P2,SYR,OPEN,2,1
2,13,12P2,SYR,CLOSED,2,1
2,13,12P2,SYR,OPEN,0,0
3,13,12P2,SYR,CLOSED,2,1
3,13,12P2,SYR,OPEN,0,0
4,13,12P2,SYR,CLOSED,2,1
4,13,12P2,SYR,OPEN,0,0
5,13,12P2,SYR,CLOSED,2,1
5,13,12P2,SYR,OPEN,0,0
6,13,12P2,SYR,CLOSED,2,1
6,13,12P2,SYR,OPEN,0,0
7,13,12P2,SYR,CLOSED,2,1
7,13,12P2,SYR,OPEN,0,0
8,13,12P2,SYR,CLOSED,2,1
8,13,12P2,SYR,OPEN,0,0
9,13,12P2,SYR,CLOSED,2,1
9,13,12P2,SYR,OPEN,1,0.5
10,13,12P2,SYR,CLOSED,2,1
10,13,12P2,SYR,OPEN,1,0.5
11,13,12P2,SYR,CLOSED,2,1
11,13,12P2,SYR,OPEN,0,0
12,13,12P2,SYR,CLOSED,2,1
12,13,12P2,SYR,OPEN,0,0
13,13,12P2,SYR,CLOSED,2,1
13,13,12P2,SYR,OPEN,0,0
14,13,12P2,SYR,CLOSED,2,1
14,13,12P2,SYR,OPEN,0,0
15,13,12P2,SYR,CLOSED,2,1
15,13,12P2,SYR,OPEN,0,0
16,13,12P2,INC,CLOSED,2,1
16,13,12P2,INC,OPEN,1,0.5
17,13,12P2,INC,CLOSED,2,1
17,13,12P2,INC,OPEN,0,0
18,13,12P2,INC,CLOSED,2,1
18,13,12P2,INC,OPEN,2,1
19,13,12P2,INC,CLOSED,2,1
19,13,12P2,INC,OPEN,0,0
20,13,12P2,INC,CLOSED,2,1
20,13,12P2,INC,OPEN,2,1
21,13,12P2,INC,CLOSED,2,1
21,13,12P2,INC,OPEN,1,0.5
22,13,12P2,INC,CLOSED,2,1
22,13,12P2,INC,OPEN,1,0.5
23,13,12P2,INC,CLOSED,2,1
23,13,12P2,INC,OPEN,0,0
24,13,12P2,INC,CLOSED,2,1
24,13,12P2,INC,OPEN,1,0.5
25,13,12P2,INC,CLOSED,2,1
25,13,12P2,INC,OPEN,0,0
26,13,12P2,INC,CLOSED,2,1
26,13,12P2,INC,OPEN,1,0.5
27,13,12P2,INC,CLOSED,2,1
27,13,12P2,INC,OPEN,1,0.5
28,13,12P2,INC,CLOSED,2,1
28,13,12P2,INC,OPEN,2,1
29,13,12P2,INC,CLOSED,2,1
29,13,12P2,INC,OPEN,1,0.5
30,13,12P2,INC,CLOSED,2,1
30,13,12P2,INC,OPEN,0,0
